{
    "accuracy": 0.989,
    "precision": 0.896551724137931,
    "recall": 0.7647058823529411,
    "f1_score": 0.8253968253968254,
    "confusion_matrix": [
        [
            1926,
            6
        ],
        [
            16,
            52
        ]
    ],
    "classification_report": {
        "0": {
            "precision": 0.9917610710607621,
            "recall": 0.9968944099378882,
            "f1-score": 0.9943211151264842,
            "support": 1932.0
        },
        "1": {
            "precision": 0.896551724137931,
            "recall": 0.7647058823529411,
            "f1-score": 0.8253968253968254,
            "support": 68.0
        },
        "accuracy": 0.989,
        "macro avg": {
            "precision": 0.9441563975993466,
            "recall": 0.8808001461454147,
            "f1-score": 0.9098589702616549,
            "support": 2000.0
        },
        "weighted avg": {
            "precision": 0.9885239532653858,
            "recall": 0.989,
            "f1-score": 0.9885776892756759,
            "support": 2000.0
        }
    }
}