{
    "accuracy": 0.9875,
    "precision": 0.9056603773584906,
    "recall": 0.7058823529411765,
    "f1_score": 0.7933884297520661,
    "confusion_matrix": [
        [
            1927,
            5
        ],
        [
            20,
            48
        ]
    ],
    "classification_report": {
        "0": {
            "precision": 0.9897277863379559,
            "recall": 0.9974120082815735,
            "f1-score": 0.9935550399587523,
            "support": 1932.0
        },
        "1": {
            "precision": 0.9056603773584906,
            "recall": 0.7058823529411765,
            "f1-score": 0.7933884297520661,
            "support": 68.0
        },
        "accuracy": 0.9875,
        "macro avg": {
            "precision": 0.9476940818482232,
            "recall": 0.851647180611375,
            "f1-score": 0.8934717348554092,
            "support": 2000.0
        },
        "weighted avg": {
            "precision": 0.986869494432654,
            "recall": 0.9875,
            "f1-score": 0.9867493752117249,
            "support": 2000.0
        }
    }
}