{
    "accuracy": 0.9895,
    "precision": 0.8983050847457628,
    "recall": 0.7794117647058824,
    "f1_score": 0.8346456692913385,
    "confusion_matrix": [
        [
            1926,
            6
        ],
        [
            15,
            53
        ]
    ],
    "classification_report": {
        "0": {
            "precision": 0.9922720247295209,
            "recall": 0.9968944099378882,
            "f1-score": 0.994577846630519,
            "support": 1932.0
        },
        "1": {
            "precision": 0.8983050847457628,
            "recall": 0.7794117647058824,
            "f1-score": 0.8346456692913385,
            "support": 68.0
        },
        "accuracy": 0.9895,
        "macro avg": {
            "precision": 0.9452885547376418,
            "recall": 0.8881530873218852,
            "f1-score": 0.9146117579609288,
            "support": 2000.0
        },
        "weighted avg": {
            "precision": 0.9890771487700732,
            "recall": 0.9895,
            "f1-score": 0.9891401526009869,
            "support": 2000.0
        }
    }
}